{
  "name": "client",
  "plural": "clients",
  "base": "User",
  "idInjection": true,
  "options": {
    "validateUpsert": true
  },
  "properties": {
    "mobile": {
      "type": "string",
      "required": true
    },"gender": {
      "type": "string",
      "required": true
    },"birthdate": {
      "type": "string",
      "required": true
    },"profession": {
      "type": "string",
      "required": true
    }
  },
  "validations": [],
  "relations": {},
  "acls": [{
      "principalType": "ROLE",
      "principalId": "$everyone",
      "permission": "DENY"
    }, {
      "principalType": "ROLE",
      "principalId": "$everyone",
      "permission": "ALLOW",
      "property": "create"
    },{
      "principalType": "ROLE",
      "principalId": "$everyone",
      "permission": "ALLOW",
      "property": "confirmSMS"
    }, {
      "principalType": "ROLE",
      "principalId": "$everyone",
      "permission": "ALLOW",
      "property": "findAll"
    },{
      "principalType": "ROLE",
      "principalId": "$everyone",
      "permission": "ALLOW",
      "property": "findOne"
    },
	{
      "principalType": "ROLE",
      "principalId": "$owner",
      "permission": "ALLOW",
      "property": "deleteById"
    }, {
      "principalType": "ROLE",
      "principalId": "$authenticated",
      "permission": "ALLOW",
      "property": "login"
    }, {
      "principalType": "ROLE",
      "principalId": "$everyone",
      "permission": "ALLOW",
      "property": "logout"
    }, {
      "principalType": "ROLE",
      "principalId": "$owner",
      "permission": "ALLOW",
      "property": "findById"
    }, {
      "principalType": "ROLE",
      "principalId": "$owner",
      "permission": "ALLOW",
      "property": "updateAttributes"
    }, {
      "principalType": "ROLE",
      "principalId": "$everyone",
      "permission": "ALLOW",
      "property": "confirm"
    },{
      "principalType": "ROLE",
      "principalId": "$everyone",
      "permission": "ALLOW",
      "property": "confirm2"
    }, {
      "principalType": "ROLE",
      "principalId": "$everyone",
      "permission": "ALLOW",
      "property": "resetPassword",
      "accessType": "EXECUTE"
    }],
  "methods": {
	 "confirmSMS": {
      "accepts": [
        {
          "arg": "mobile",
          "type": "string",
          "required": true,
          "description": "",
          "http": {
            "source": "query"
          }
        },
		{
          "arg": "token",
          "type": "string",
          "required": true,
          "description": "",
          "http": {
            "source": "query"
          }
        }
      ],
      "returns": [
        {
          "arg": "data",
          "type": "array",
          "root": true,
          "description": "return user activation status"
        }
      ],
      "description": "confirm account using SMS code",
      "http": [
        {
          "path": "/confirm2",
          "verb": "get"
        }
      ]
    }
  }
}

